Emotion,Text
Sadness,That game hurt.
Neutral,"You do right, if you don't care then fuck 'em!"
Love,Man I love reddit.
Gratitude,"Right? Considering it�s such an important document, I should know the damned thing backwards and forwards... thanks again for the help!"
Disapproval,"He isn't as big, but he's still quite popular. I've heard the same thing about his content. Never watched him much."
Amusement,that's adorable asf
Disappointment,"I wanted to downvote this, but it's not your fault homie."
Realization,Well then I�d say you have a pretty good chance if it�s any girl lol
Admiration,Pretty much every Punjabi dude I've met.
Annoyance,For extra measure tape it right by your crotch so she can't take it for sexual assault reasons
Confusion,What does Clemson give pride stickers for? Snaps played?
Optimism,"You may die, but it's a sacrifice I'm willing to make"
Curiosity,Now I'm wondering on what I've been missing out. Again thank you for this.
Excitement,Seeeee! We have one of them coloureds too!
Caring,"Yup, not anymore. Keep your blood sugar up! It really helps and DRINK water�"
Disgust,So happy for [NAME]. So sad he's not here. Imagine this team with [NAME] instead of [NAME]. Ugh.
Remorse,Na. Rediting my post. Sorry for the ignorance
Joy,By far the coolest thing I've seen on this thread yet
Embarrassment,I don�t even try to make shots like this myself. So I gotta watch other people make them.
Surprise,"Ironic. He could save others from secrecy-enabled corruption, but not himself."
Anger,"Oh, how DARE you discuss the disgustingly unhealthy and dangerous lifestyle I pursue! /s"
Approval,I didn't like the family ending but I liked the Atlantis ending especially as we know we are going to see more of it in DLC2.
Grief,Is he dead now from a tragic drowning accident? Asking for a friend.
Desire,Crap. I need more Excedrin. STAT.
Fear,You�re welcome
Nervousness,I'm going to hold out hope for something minor even though it looked really bad. Just going to wait for the official news.
Pride,Some great advice right here!!!!!! I forgot about this
Relief,I�m sorry to hear that friend :(. It�s for the best most likely if she didn�t accept you for who you are